
{
  "Age Range": [
    "18-25",
    "26-35",
    "36-45",
    "46-55",
    "55-65",
    "Over 65"
  ],
  "Employee Type": [
    "Full Time ITW Employee",
    "Part Time ITW Employee",
    "Employment Agency Worker",
    "Intern"
  ],
  "Experience at ITW": [
    "Less than 6 Months",
    "6 Months to a Year",
    "1 to 3 Years",
    "3 to 5 Years",
    "More than 5 years"
  ],
  "Experience in Role": [
    "Less than 6 Months",
    "6 Months to a Year",
    "1 to 3 Years",
    "3 to 5 Years",
    "More than 5 years"
  ],
  "Incident Type": [
    "Caught In/Under/Between",
    "Chemical Exposure (contact/spills/splashes)",
    "Contact with Cold or Hot Object or Surface",
    "Contact with Sharp Object or Surface",
    "Electrical Discharge/Arc Flash",
    "Entanglement",
    "Environmental Exposure (hot or cold)",
    "Foreign body",
    "Noise Exposure",
    "Pushing/Pulling/Lifting/Reaching",
    "Repetitive Trauma",
    "Slip/Trip/Fall",
    "Struck Against",
    "Struck by Forklift",
    "Struck by Object",
    "Trauma from Motor Vehicle Accident",
    "Vibration Exposure",
    "Workplace Violence",
    "Other"
  ],
  "Injured Body Part": [
    "Abdomen/Side",
    "Ankle",
    "Arm",
    "Back",
    "Chest/Ribs",
    "Ear",
    "Elbow",
    "Eye",
    "Face/Nose/Mouth/Teeth",
    "Foot/Toe",
    "Hand/Finger",
    "Head",
    "Hip",
    "Internal Injury or Illness",
    "Knee",
    "Leg/Buttocks ",
    "Multiple Body Parts",
    "Neck",
    "Shoulder ",
    "Wrist ",
    "Other"
  ],
  "Injury Type": [
    "Abrasion",
    "Allergic Reaction",
    "Amputation",
    "Burn or Scald",
    "Contusion/Bruise",
    "Crush/Pinch/Puncture",
    "Electrical Shock",
    "Fracture/Break",
    "Hearing Loss",
    "Hernia",
    "Infection - Respiratory",
    "Infection - Skin",
    "Infection -Food Borne Illness",
    "Irritation/Absorption",
    "Laceration/Cut",
    "Multiple Injuries",
    "Pain (Non-Specific)",
    "Respiratory Condition (excludes infections)",
    "Sprain/Strain/Tear",
    "Temperature - Cold Stress Injury",
    "Temperature - Heat Stress Injury",
    "Other"
  ],
  "Plant Location": [
    "Aguascalientes, MX",
    "Hwaseong, KR, AOC Fasteners",
    "Asan, KR",
    "Velk\u00e1 B\u00edte\u0161, CZ, B&F 20 site",
    "Velk\u00e1 B\u00edte\u0161, CZ, B&F 80 site",
    "R\u00f6ttingen, DE, B&F",
    "Bedford Heights, OH",
    "Broadview, IL",
    "Bryan, OH",
    "Byt\u010da, SK",
    "Chennai, IN",
    "Shanghai, Tianying Road, CN, China Drawform",
    "Chongqing, CN",
    "Shanghai, Grand Campus I, CN, Engineered Products",
    "Chippewa Falls, WI",
    "Shanghai, Chundong Road, CN, Fasteners",
    "Gallatin, TN",
    "Creglingen, DE",
    "Darlington, WI",
    "Decatur, AL",
    "Frankfort (21601)",
    "Velk\u00e1 B\u00edte\u0161, CZ, Drawform",
    "Elgin, IL",
    "Elmhurst, IL",
    "Enkenbach, DE, AirFlow",
    "Enkenbach, DE, EUGA",
    "Hebron, IL",
    "Bredaryd, SE",
    "Frankfort (21555)",
    "Beauchamp, FR",
    "Basingstoke, GB",
    "Genay, FR",
    "Gimhae, KR, GH Fasteners",
    "Gyeongju, KR",
    "Hodenhagen, DE, TFM",
    "Hodenhagen, DE, Safety",
    "Incheon, KR",
    "Ingwiller, FR",
    "Iron Ridge, IL",
    "Juarez, MX",
    "Lakeville, CT",
    "Langfang, CN (BU)",
    "Lexington, KY",
    "Lockport, IL",
    "Istebna, PL",
    "Hone, IT",
    "Machesney Park, IL",
    "Martinsburg, WV",
    "Sabadell, ES, Mikalor",
    "Millerton, NY",
    "Milwaukee, WI",
    "Mokena, IL",
    "Monterrey, MX",
    "R\u00f6ttingen, DE, Motion",
    "Frankfort (21701)",
    "Naugatuck, CT",
    "Ningbo, CN",
    "Penang, MY",
    "Plailly, FR",
    "Velk\u00e1 B\u00edte\u0161, CZ, TFM",
    "Pune, IN",
    "Qufu, CN",
    "Repov, CZ",
    "Reynosa, MX",
    "Richton Park, IL",
    "Ornans, FR, Rivex",
    "Rockford, MI",
    "Saltillo, MX",
    "Sao Paulo, BR",
    "Les Franqueses, ES, Seats",
    "Tokyo, JP",
    "Les Franqueses, ES, Fasteners 1, 2K",
    "Les Franqueses, ES, Fastners 2, 1K",
    "Troy, MI",
    "Ulsan, KR",
    "Waterbury, CT",
    "Watertown, WI",
    "Westminster, MA",
    "Shanghai, Grand Campus I, CN, TFM",
    "Zeeland, MI",
    "Delhi, IN",
    "Troy, MI, NA AFM office",
    "Shanghai, CN, Asia Platform Office",
    "Shanghai, CN, NIMC",
    "El Paso, TX",
    "Shanghai, Grand Campus I, CN, Smart Components",
    "Shanghai, Grand Campus II, CN, Fasteners",
    "Rayong, TH"
  ],
  "Work Activity Type": [
    "Air Blowing",
    "Cleaning",
    "Coiling",
    "Cutting",
    "Machine Set Up",
    "Maintenance & Repair Activity ",
    "Manual Material Handling",
    "Operating a Forklift or Similar",
    "Operating Equipment ",
    "Packing Goods By Hand",
    "Retrieving Goods By Hand",
    "Participating in a Site Visit, Safety  Inspection, or Similar",
    "Quality Inspections",
    "Sitting at Desk",
    "Standing",
    "Travel - Driving or Passenger in a Motor Vehicle",
    "Travel - Other Activities (Excludes Motor Vehicles)",
    "Using a Grinder",
    "Using Stairs/Ladder/Platform",
    "Walking"
  ]
}